,flight_id,timestamp,onground,callsign,altitude,geoaltitude,latitude,longitude,groundspeed,vertical_rate,distance,hour,icao24,last_position,lastseen,origin,spi,squawk,track,alert,day,firstseen,destination
0,DLH011_1,2022-05-09 07:43:13+00:00,True,DLH011,-375.0,175.0,53.6213493347168,9.96997506277902,97.0,64.0,411.39265600416616,2022-05-09 07:00:00+00:00,3c6595,2022-05-09 07:43:12.701999872+00:00,2022-05-09 08:34:26+00:00,EDDH,False,1340,50.42059528376237,False,2022-05-09 00:00:00+00:00,2022-05-09 07:43:13+00:00,EDDF
1,DLH01F_2,2022-05-09 04:28:21+00:00,False,DLH01F,1800.0,2175.0,40.49995422363281,-3.57464599609375,110.0,64.0,1416.922553567847,2022-05-09 04:00:00+00:00,3c6674,2022-05-09 04:28:20.516999936+00:00,2022-05-09 06:45:24+00:00,LEMD,False,1000,0.0,False,2022-05-09 00:00:00+00:00,2022-05-09 04:28:21+00:00,EDDF
2,DLH033_3,2022-05-09 17:56:36+00:00,False,DLH033,-75.0,275.0,53.6263624288268,9.980190501493563,158.0,2112.0,412.10040649621993,2022-05-09 17:00:00+00:00,3c66ad,2022-05-09 17:56:35.992999936+00:00,2022-05-09 18:46:57+00:00,EDDH,False,1331,230.1478848241363,False,2022-05-09 00:00:00+00:00,2022-05-09 17:56:34+00:00,EDDF
3,DLH04C_4,2022-05-09 15:35:38+00:00,True,DLH04C,1800.0,2125.0,40.50478789765956,-3.559226989746094,92.0,0.0,1415.7017954699272,2022-05-09 15:00:00+00:00,3c66ae,2022-05-09 15:35:36.835000064+00:00,2022-05-09 17:53:02+00:00,LEMD,False,2335,359.3772443127937,False,2022-05-09 00:00:00+00:00,2022-05-09 15:35:38+00:00,EDDF
4,DLH04P_5,2022-05-09 17:28:54+00:00,False,DLH04P,1225.0,1625.0,43.42327880859375,5.234282737554506,160.0,2880.0,775.4902006354691,2022-05-09 17:00:00+00:00,3c6757,2022-05-09 17:28:53.820000+00:00,2022-05-09 18:49:50+00:00,LFML,False,1000,129.9427514674409,False,2022-05-09 00:00:00+00:00,2022-05-09 17:28:47+00:00,EDDF
5,DLH073_7,2022-05-09 04:09:51+00:00,False,DLH073,-200.0,300.0,51.28289794921875,6.758818755278717,96.0,64.0,187.35998583494717,2022-05-09 04:00:00+00:00,3c65c7,2022-05-09 04:09:50.043000064+00:00,2022-05-09 04:44:18+00:00,EDDL,False,1000,52.65065095535942,False,2022-05-09 00:00:00+00:00,2022-05-09 04:09:51+00:00,EDDF
6,DLH1327_22,2022-05-09 01:51:49+00:00,False,DLH1327,36000.0,36350.0,39.32038879394531,9.487291418987772,423.0,0.0,1192.141831685351,2022-05-09 01:00:00+00:00,3c66ad,2022-05-09 01:51:47.448999936+00:00,2022-05-09 03:34:35+00:00,IT-0436,False,1000,347.7064315315862,False,2022-05-09 00:00:00+00:00,2022-05-09 01:51:00+00:00,EDDF
7,DLH1331_23,2022-05-09 01:10:40+00:00,True,DLH1331,675.0,975.0,33.35363097110037,-7.587362795459967,179.0,2112.0,2274.745248974323,2022-05-09 01:00:00+00:00,3c65c6,2022-05-09 01:10:05.957999872+00:00,2022-05-09 04:25:26+00:00,GMMN,False,6430,344.0986100654725,False,2022-05-09 00:00:00+00:00,2022-05-09 01:10:40+00:00,EDDF
8,DLH13W_24,2022-05-09 17:09:04+00:00,True,DLH13W,-200.0,200.0,41.29059219360352,2.098526000976562,105.0,64.0,1090.9625371250781,2022-05-09 17:00:00+00:00,3c666a,2022-05-09 17:09:01.079000064+00:00,2022-05-09 19:02:10+00:00,LEBL,False,5577,245.8715970697321,False,2022-05-09 00:00:00+00:00,2022-05-09 17:09:04+00:00,EDDF
9,DLH173_31,2022-05-09 05:20:33+00:00,False,DLH173,25.0,575.0,52.3561380677304,13.51357596261161,134.0,2624.0,432.5919071283246,2022-05-09 05:00:00+00:00,3c65ca,2022-05-09 05:20:32.635000064+00:00,2022-05-09 06:12:24+00:00,EDDB,False,1000,68.99321056922815,False,2022-05-09 00:00:00+00:00,2022-05-09 05:20:33+00:00,EDDF
10,DLH195_33,2022-05-09 14:46:48+00:00,True,DLH195,-125.0,325.0,52.35113370216499,13.48565891810826,88.0,64.0,430.71884393810086,2022-05-09 14:00:00+00:00,3c65c6,2022-05-09 14:45:44.505000192+00:00,2022-05-09 15:40:55+00:00,EDDB,False,1000,68.68208772453846,False,2022-05-09 00:00:00+00:00,2022-05-09 14:46:48+00:00,EDDF
11,DLH19Y_34,2022-05-09 08:36:02+00:00,False,DLH19Y,7300.0,7825.0,45.91456526416843,5.061332702636719,275.0,3712.0,524.8271787235042,2022-05-09 08:00:00+00:00,3c6758,2022-05-09 08:35:53.019000064+00:00,2022-05-09 09:39:36+00:00,LFHC,False,1000,351.4280366408958,False,2022-05-09 00:00:00+00:00,2022-05-09 08:36:02+00:00,EDDF
12,DLH1HV_42,2022-05-09 06:45:31+00:00,True,DLH1HV,-100.0,,51.28765869140625,6.76891430004223,151.0,1792.0,187.27735349072566,2022-05-09 06:00:00+00:00,3c658d,2022-05-09 06:45:30.664000+00:00,2022-05-09 07:13:09+00:00,EDDL,False,1000,52.8257451664089,False,2022-05-09 00:00:00+00:00,2022-05-09 06:45:31+00:00,EDDF
13,DLH1KR_44,2022-05-09 07:11:15+00:00,False,DLH1KR,1775.0,2250.0,48.36561584472656,11.80304894080529,141.0,2752.0,300.7137152693404,2022-05-09 07:00:00+00:00,3c6541,2022-05-09 07:11:14.611000064+00:00,2022-05-09 07:53:23+00:00,EDDM,False,7317,82.67359333983046,False,2022-05-09 00:00:00+00:00,2022-05-09 07:11:07+00:00,EDDF
14,DLH1PK_49,2022-05-09 14:38:04+00:00,False,DLH1PK,1100.0,1575.0,57.64540100097656,12.26417541503906,145.0,2432.0,880.8818685733555,2022-05-09 14:00:00+00:00,3c6449,2022-05-09 14:38:03.728000+00:00,2022-05-09 16:00:29+00:00,ESGG,False,6672,206.2113780178315,False,2022-05-09 00:00:00+00:00,2022-05-09 14:37:55+00:00,EDDF
15,DLH1P_48,2022-05-09 08:22:49+00:00,False,DLH1P,850.0,1350.0,50.10354995727539,14.25468846371299,96.0,192.0,408.0923520853589,2022-05-09 08:00:00+00:00,3c6544,2022-05-09 08:22:38.232000+00:00,2022-05-09 09:18:16+00:00,LKPR,False,1000,126.5110561194953,False,2022-05-09 00:00:00+00:00,2022-05-09 08:22:49+00:00,EDDF
16,DLH1Y_54,2022-05-09 18:19:03+00:00,False,DLH1Y,-100.0,275.0,50.90962038201801,4.4927978515625,107.0,64.0,302.1192002346031,2022-05-09 18:00:00+00:00,3c5465,2022-05-09 18:18:58.008999936+00:00,2022-05-09 18:56:59+00:00,EBMB,False,1000,245.6005640758249,False,2022-05-09 00:00:00+00:00,2022-05-09 18:19:03+00:00,EDDF
17,DLH201_56,2022-05-09 17:55:37+00:00,True,DLH201,-125.0,300.0,52.35080783650027,13.48848397391183,96.0,64.0,430.85547994644753,2022-05-09 17:00:00+00:00,3c64ad,2022-05-09 17:54:57.051000064+00:00,2022-05-09 18:47:26+00:00,EDDB,False,1000,68.53234856090101,False,2022-05-09 00:00:00+00:00,2022-05-09 17:55:37+00:00,EDDF
18,DLH28J_68,2022-05-09 16:43:56+00:00,False,DLH28J,900.0,1275.0,43.63687133789062,1.358025129451308,161.0,2816.0,894.5882801435048,2022-05-09 16:00:00+00:00,3c6657,2022-05-09 16:43:55.658999808+00:00,2022-05-09 18:19:59+00:00,LFBO,False,1000,322.561428427667,False,2022-05-09 00:00:00+00:00,2022-05-09 16:43:33+00:00,EDDF
19,DLH2CX_73,2022-05-09 17:12:05+00:00,False,DLH2CX,-125.0,350.0,52.35362424688824,13.50298200334822,150.0,896.0,431.84200730365296,2022-05-09 17:00:00+00:00,3c6495,2022-05-09 17:11:57.447000064+00:00,2022-05-09 18:05:55+00:00,EDDB,False,1000,68.9076604941725,False,2022-05-09 00:00:00+00:00,2022-05-09 17:12:05+00:00,EDDF
20,DLH2EL_75,2022-05-09 08:00:25+00:00,False,DLH2EL,50.0,650.0,55.59375,12.60547984730113,166.0,1664.0,676.0783229703028,2022-05-09 08:00:00+00:00,3c6498,2022-05-09 08:00:24.851000064+00:00,2022-05-09 09:09:12+00:00,EKCH,False,746,222.0643265535788,False,2022-05-09 00:00:00+00:00,2022-05-09 08:00:16+00:00,EDDF
21,DLH2J_76,2022-05-09 09:35:30+00:00,False,DLH2J,575.0,1050.0,49.02296447753906,2.558617225060096,147.0,2432.0,445.0646566604324,2022-05-09 09:00:00+00:00,3c6444,2022-05-09 09:35:29.763000064+00:00,2022-05-09 10:25:15+00:00,LFPG,False,1000,86.49646835521554,False,2022-05-09 00:00:00+00:00,2022-05-09 09:35:30+00:00,EDDF
22,DLH2VL_88,2022-05-09 17:07:17+00:00,False,DLH2VL,450.0,900.0,52.15168063923464,20.97941371372768,152.0,2688.0,898.9441941979,2022-05-09 17:00:00+00:00,3c66ab,2022-05-09 17:07:16.996000+00:00,2022-05-09 18:33:55+00:00,EPWA,False,1000,151.7502645050257,False,2022-05-09 00:00:00+00:00,2022-05-09 17:07:10+00:00,EDDF
23,DLH2VR_89,2022-05-09 13:27:03+00:00,False,DLH2VR,275.0,700.0,52.15480041503906,20.97663879394531,158.0,2560.0,898.8200932206728,2022-05-09 13:00:00+00:00,3c65cb,2022-05-09 13:27:02.660000+00:00,2022-05-09 14:46:56+00:00,EPWA,False,2557,152.4611766504245,False,2022-05-09 00:00:00+00:00,2022-05-09 13:27:01+00:00,EDDF
24,DLH2WU_91,2022-05-09 09:09:36+00:00,False,DLH2WU,-250.0,300.0,52.34892247086864,13.48297119140625,132.0,64.0,430.42867494495897,2022-05-09 09:00:00+00:00,3c6671,2022-05-09 09:09:19.220999936+00:00,2022-05-09 09:58:26+00:00,EDDB,False,520,69.08745230863231,False,2022-05-09 00:00:00+00:00,2022-05-09 09:09:36+00:00,EDDF
25,DLH2YX_92,2022-05-09 09:28:42+00:00,False,DLH2YX,450.0,975.0,55.74164956302966,9.189891815185549,159.0,3008.0,636.5453429509417,2022-05-09 09:00:00+00:00,3c66a4,2022-05-09 09:28:41.621999872+00:00,2022-05-09 10:36:29+00:00,EKBI,False,5661,85.29638529570681,False,2022-05-09 00:00:00+00:00,2022-05-09 09:28:36+00:00,EDDF
26,DLH31E_94,2022-05-09 17:14:40+00:00,False,DLH31E,7225.0,7775.0,45.86444091796875,5.068180735518293,253.0,3328.0,529.4947026768135,2022-05-09 17:00:00+00:00,3c658c,2022-05-09 17:14:36.270999808+00:00,2022-05-09 18:13:28+00:00,LFHC,False,1000,353.4093912318511,False,2022-05-09 00:00:00+00:00,2022-05-09 17:14:36+00:00,EDDF
27,DLH351_99,2022-05-09 04:36:05+00:00,False,DLH351,-350.0,225.0,53.04711293365995,8.799185616629465,145.0,1600.0,336.10046844220017,2022-05-09 04:00:00+00:00,3c5464,2022-05-09 04:36:04.628000+00:00,2022-05-09 05:26:28+00:00,EDDW,False,1000,88.02506598911802,False,2022-05-09 00:00:00+00:00,2022-05-09 04:36:05+00:00,EDDF
28,DLH3EM_111,2022-05-09 09:13:01+00:00,True,DLH3EM,175.0,600.0,47.43404194460076,19.24454322228065,93.0,64.0,835.3911663889509,2022-05-09 09:00:00+00:00,3c6759,2022-05-09 09:13:00.510999808+00:00,2022-05-09 10:40:46+00:00,LHBP,False,1000,311.9413024259042,False,2022-05-09 00:00:00+00:00,2022-05-09 09:13:01+00:00,EDDF
29,DLH3FL_113,2022-05-09 04:22:14+00:00,False,DLH3FL,1175.0,1650.0,50.07461289228019,19.7635877454603,159.0,2688.0,800.5728024349264,2022-05-09 04:00:00+00:00,3c66a7,2022-05-09 04:22:13.908000+00:00,2022-05-09 05:49:29+00:00,EPKK,False,1000,256.9244189009101,False,2022-05-09 00:00:00+00:00,2022-05-09 04:22:14+00:00,EDDF
30,DLH3H_115,2022-05-09 18:39:41+00:00,False,DLH3H,675.0,1000.0,51.47765078787076,-0.4708099365234375,145.0,3072.0,652.7907581174753,2022-05-09 18:00:00+00:00,3c65cb,2022-05-09 18:39:39.895000064+00:00,2022-05-09 19:45:42+00:00,EGLL,False,2016,269.6048629574925,False,2022-05-09 00:00:00+00:00,2022-05-09 18:39:38+00:00,EDDF
31,DLH3NH_120,2022-05-09 05:33:17+00:00,False,DLH3NH,200.0,625.0,53.33706665039062,-2.300223214285666,156.0,3008.0,830.9988988259163,2022-05-09 05:00:00+00:00,3c66a9,2022-05-09 05:33:16.801000192+00:00,2022-05-09 06:53:51+00:00,EGCC,False,542,231.5124230292879,False,2022-05-09 00:00:00+00:00,2022-05-09 05:33:17+00:00,EDDF
32,DLH3P_122,2022-05-09 16:41:01+00:00,False,DLH3P,925.0,1350.0,50.09984420517743,14.26225816881334,117.0,192.0,408.6392514932081,2022-05-09 16:00:00+00:00,3c66a6,2022-05-09 16:40:57.996000+00:00,2022-05-09 17:37:56+00:00,LKPR,False,1000,127.3595932389733,False,2022-05-09 00:00:00+00:00,2022-05-09 16:41:01+00:00,EDDF
33,DLH401_131,2022-05-09 01:07:22+00:00,False,DLH401,36000.0,37000.0,50.19606768074682,-13.06905385610219,564.0,0.0,1534.2046891203818,2022-05-09 01:00:00+00:00,3c4b2f,2022-05-09 01:07:20.874000128+00:00,2022-05-09 03:02:28+00:00,IE-0066,False,1161,79.88604785420829,False,2022-05-09 00:00:00+00:00,2022-05-08 20:35:43+00:00,EDDF
34,DLH421_139,2022-05-09 02:24:59+00:00,False,DLH421,200.0,400.0,42.37774658203125,-70.99889581853694,138.0,1728.0,5882.173898713213,2022-05-09 02:00:00+00:00,3c64ef,2022-05-09 02:24:56.983000064+00:00,2022-05-09 08:47:49+00:00,KBOS,False,3530,19.87687219460331,False,2022-05-09 00:00:00+00:00,2022-05-09 02:24:59+00:00,EDDF
35,DLH423_140,2022-05-09 02:28:43+00:00,False,DLH423,36000.0,36850.0,50.24434235136388,-13.18173795133021,574.0,0.0,1541.4408432590078,2022-05-09 02:00:00+00:00,3c4ad9,2022-05-09 02:28:13.840000+00:00,2022-05-09 04:22:59+00:00,IE-0066,False,2005,78.84671998461306,False,2022-05-09 00:00:00+00:00,2022-05-08 22:14:11+00:00,EDDF
36,DLH433_146,2022-05-09 03:47:50+00:00,True,DLH433,1275.0,1300.0,41.96900707180217,-87.9201028513354,146.0,1600.0,6966.5266418185365,2022-05-09 03:00:00+00:00,3c64f8,2022-05-09 03:46:33.248000+00:00,2022-05-09 11:41:50+00:00,KORD,False,6264,83.7031812810156,False,2022-05-09 00:00:00+00:00,2022-05-09 03:47:50+00:00,EDDF
37,DLH445_152,2022-05-09 02:34:37+00:00,False,DLH445,35000.0,35900.0,50.27119445800781,-12.75794581363078,519.0,0.0,1511.197670278038,2022-05-09 02:00:00+00:00,3c6566,2022-05-09 02:34:34.157000192+00:00,2022-05-09 04:35:53+00:00,IE-0066,False,2006,78.99344627663771,False,2022-05-09 00:00:00+00:00,2022-05-08 20:18:08+00:00,EDDF
38,DLH479_167,2022-05-09 03:00:11+00:00,False,DLH479,38000.0,37975.0,53.89013671875,-14.29148646763389,501.0,0.0,1613.0113983764466,2022-05-09 03:00:00+00:00,3c64ec,2022-05-09 03:00:12.380000+00:00,2022-05-09 04:58:56+00:00,IE-0007,False,1144,105.0345200119894,False,2022-05-09 00:00:00+00:00,2022-05-08 22:09:45+00:00,EDDF
39,DLH4EC_180,2022-05-09 17:43:18+00:00,False,DLH4EC,275.0,525.0,41.80200091863082,12.24183548328488,151.0,2688.0,957.6070832060645,2022-05-09 17:00:00+00:00,3c66a9,2022-05-09 17:43:17.388000+00:00,2022-05-09 19:17:49+00:00,LIRF,False,1000,249.0442232693678,False,2022-05-09 00:00:00+00:00,2022-05-09 17:43:09+00:00,EDDF
40,DLH4H_182,2022-05-09 16:53:15+00:00,False,DLH4H,775.0,1050.0,51.47776794433594,-0.4747875316722912,132.0,2240.0,653.0636386054175,2022-05-09 16:00:00+00:00,3c65d9,2022-05-09 16:53:14.800000+00:00,2022-05-09 17:55:54+00:00,EGLL,False,7304,270.0,False,2022-05-09 00:00:00+00:00,2022-05-09 16:53:11+00:00,EDDF
41,DLH4PN_187,2022-05-09 12:03:58+00:00,False,DLH4PN,-175.0,175.0,52.35557556152344,13.51097106933594,150.0,832.0,432.41103645730954,2022-05-09 12:00:00+00:00,3c6641,2022-05-09 12:03:57.806999808+00:00,2022-05-09 12:54:24+00:00,EDDB,False,1000,68.05659382911506,False,2022-05-09 00:00:00+00:00,2022-05-09 12:03:56+00:00,EDDF
42,DLH4TV_190,2022-05-09 17:21:01+00:00,True,DLH4TV,200.0,575.0,47.43375778198242,19.24495697021484,96.0,64.0,835.4324595165252,2022-05-09 17:00:00+00:00,3c6543,2022-05-09 17:21:00.714999808+00:00,2022-05-09 18:45:17+00:00,LHBP,False,1000,311.6335393365702,False,2022-05-09 00:00:00+00:00,2022-05-09 17:21:01+00:00,EDDF
43,DLH51A_203,2022-05-09 17:43:18+00:00,False,DLH51A,13375.0,14200.0,43.77232438426907,-2.811257498604903,398.0,2112.0,1104.795169732882,2022-05-09 17:00:00+00:00,3c66a5,2022-05-09 17:43:17.530999808+00:00,2022-05-09 19:19:23+00:00,LEGV,False,1000,20.30312258560298,False,2022-05-09 00:00:00+00:00,2022-05-09 17:43:00+00:00,EDDF
44,DLH573_209,2022-05-09 02:10:51+00:00,False,DLH573,36000.0,36325.0,40.11039733886719,8.83489990234375,486.0,0.0,1102.245909710943,2022-05-09 02:00:00+00:00,3c4b33,2022-05-09 02:10:56.171000064+00:00,2022-05-09 03:41:17+00:00,IT-0365,False,1000,358.4677622171205,False,2022-05-09 00:00:00+00:00,2022-05-08 17:35:34+00:00,EDDF
45,DLH57Y_212,2022-05-09 14:37:31+00:00,False,DLH57Y,-200.0,200.0,41.2884521484375,2.0921630859375,121.0,64.0,1091.4025063394981,2022-05-09 14:00:00+00:00,3c6497,2022-05-09 14:37:28.996000+00:00,2022-05-09 16:27:23+00:00,LEBL,False,5571,245.5560452195834,False,2022-05-09 00:00:00+00:00,2022-05-09 14:37:31+00:00,EDDF
46,DLH591_216,2022-05-09 00:56:31+00:00,False,DLH591,36025.0,36525.0,34.55456232620498,26.51355743408203,458.0,0.0,2255.2725346525463,2022-05-09 00:00:00+00:00,3c6571,2022-05-09 00:56:29.946000128+00:00,2022-05-09 03:54:58+00:00,LGST,False,5016,335.3385066934268,False,2022-05-09 00:00:00+00:00,2022-05-09 00:56:23+00:00,EDDF
47,DLH595_217,2022-05-09 02:07:05+00:00,False,DLH595,40000.0,40375.0,39.59994506835938,8.850860595703125,450.0,0.0,1158.985774553351,2022-05-09 02:00:00+00:00,3c656e,2022-05-09 02:06:56.927000064+00:00,2022-05-09 03:42:26+00:00,IT-0240,False,1000,358.4724745577871,False,2022-05-09 00:00:00+00:00,2022-05-09 02:07:05+00:00,EDDF
48,DLH5CM_221,2022-05-09 17:15:21+00:00,False,DLH5CM,21275.0,21950.0,43.7956936076536,15.54650442940848,325.0,2240.0,872.6406818120784,2022-05-09 17:00:00+00:00,3c66aa,2022-05-09 17:15:20.904999936+00:00,2022-05-09 18:39:59+00:00,LDZD,False,1000,301.5382068401892,False,2022-05-09 00:00:00+00:00,2022-05-09 17:15:20+00:00,EDDF
49,DLH5HU_225,2022-05-09 05:23:18+00:00,False,DLH5HU,100.0,500.0,45.44503939353813,9.277083234089178,139.0,64.0,512.1977445741686,2022-05-09 05:00:00+00:00,3c66a1,2022-05-09 05:23:16.396000+00:00,2022-05-09 06:19:26+00:00,LIML,False,1000,355.8850909017627,False,2022-05-09 00:00:00+00:00,2022-05-09 05:23:18+00:00,EDDF
50,DLH5JT_226,2022-05-09 04:16:48+00:00,False,DLH5JT,-275.0,225.0,59.66093444824219,17.92181396484375,97.0,0.0,1224.9185042865631,2022-05-09 04:00:00+00:00,3c666c,2022-05-09 04:16:47.502000128+00:00,2022-05-09 06:09:57+00:00,ESSA,False,3524,190.1455444338963,False,2022-05-09 00:00:00+00:00,2022-05-09 04:16:48+00:00,EDDF
51,DLH5KV_229,2022-05-09 07:58:00+00:00,False,DLH5KV,1875.0,2325.0,60.16103970802436,11.10031127929688,155.0,1856.0,1137.6814162962726,2022-05-09 07:00:00+00:00,3c666f,2022-05-09 07:57:59.596000+00:00,2022-05-09 09:49:24+00:00,ENGM,False,3247,194.2158534736735,False,2022-05-09 00:00:00+00:00,2022-05-09 07:58:00+00:00,EDDF
52,DLH5MW_230,2022-05-09 09:56:34+00:00,True,DLH5MW,-250.0,325.0,52.35088348388672,13.48777770996094,142.0,1920.0,430.8209465008577,2022-05-09 09:00:00+00:00,3c65cc,2022-05-09 09:55:10.984000+00:00,2022-05-09 10:48:21+00:00,EDDB,False,1000,69.0202467972649,False,2022-05-09 00:00:00+00:00,2022-05-09 09:56:34+00:00,EDDF
53,DLH5RX_234,2022-05-09 08:32:51+00:00,False,DLH5RX,1450.0,1825.0,48.36591300317797,11.80820665861431,145.0,2816.0,300.98850529586605,2022-05-09 08:00:00+00:00,3c6757,2022-05-09 08:32:50.752000+00:00,2022-05-09 09:14:20+00:00,EDDM,False,1000,83.2670786731404,False,2022-05-09 00:00:00+00:00,2022-05-09 08:32:48+00:00,EDDF
54,DLH5U_237,2022-05-09 09:39:55+00:00,False,DLH5U,600.0,1075.0,51.46489547470868,-0.450439453125,140.0,2880.0,651.1415432604069,2022-05-09 09:00:00+00:00,3c6545,2022-05-09 09:39:54.917999872+00:00,2022-05-09 10:45:27+00:00,EGLL,False,531,89.59075139196507,False,2022-05-09 00:00:00+00:00,2022-05-09 09:39:54+00:00,EDDF
55,DLH631_246,2022-05-09 00:45:46+00:00,False,DLH631,38000.0,38300.0,41.31860248113082,34.12671869451349,442.0,0.0,2195.5655977583137,2022-05-09 00:00:00+00:00,3c656d,2022-05-09 00:45:45.617000192+00:00,2022-05-09 03:43:26+00:00,LTAL,False,3214,291.1027151033683,False,2022-05-09 00:00:00+00:00,2022-05-08 21:08:45+00:00,EDDF
56,DLH64M_251,2022-05-09 16:35:57+00:00,False,DLH64M,1275.0,1575.0,38.80398559570312,-9.123488716457189,177.0,1920.0,1867.5249811565752,2022-05-09 16:00:00+00:00,3c6678,2022-05-09 16:35:56.529999872+00:00,2022-05-09 19:07:58+00:00,LPPT,False,506,23.66647437779628,False,2022-05-09 00:00:00+00:00,2022-05-09 16:35:54+00:00,EDDF
57,DLH66K_252,2022-05-09 16:27:12+00:00,False,DLH66K,11100.0,11775.0,36.62132263183594,-4.233169555664062,288.0,2432.0,1806.7904167639506,2022-05-09 16:00:00+00:00,3c6672,2022-05-09 16:27:11.520000+00:00,2022-05-09 19:12:25+00:00,LEAX,False,1000,19.06454743133228,False,2022-05-09 00:00:00+00:00,2022-05-09 16:27:01+00:00,EDDF
58,DLH693_257,2022-05-09 01:16:40+00:00,False,DLH693,8475.0,8750.0,31.73295593261719,35.80573586856617,258.0,3264.0,3032.275198727377,2022-05-09 01:00:00+00:00,3c64a1,2022-05-09 01:16:39.540999936+00:00,2022-05-09 05:23:23+00:00,OJAI,False,5646,289.9831065219,False,2022-05-09 00:00:00+00:00,2022-05-09 01:16:36+00:00,EDDF
59,DLH6AN_259,2022-05-09 08:38:55+00:00,True,DLH6AN,-200.0,275.0,51.29272842407227,6.779473794473184,92.0,0.0,187.20292951837388,2022-05-09 08:00:00+00:00,3c674f,2022-05-09 08:38:53.742000128+00:00,2022-05-09 09:13:17+00:00,EDDL,False,1000,233.8806591505203,False,2022-05-09 00:00:00+00:00,2022-05-09 08:38:55+00:00,EDDF
60,DLH6AR_260,2022-05-09 05:45:25+00:00,False,DLH6AR,-350.0,200.0,53.62282445875265,9.972920137293196,108.0,64.0,411.59984079824994,2022-05-09 05:00:00+00:00,3c666b,2022-05-09 05:45:24.318000128+00:00,2022-05-09 06:40:27+00:00,EDDH,False,1360,50.26239539959512,False,2022-05-09 00:00:00+00:00,2022-05-09 05:45:25+00:00,EDDF
61,DLH6KK_266,2022-05-09 13:54:23+00:00,False,DLH6KK,1350.0,1700.0,44.52786254882812,11.32376534598214,165.0,1536.0,646.173987427694,2022-05-09 13:00:00+00:00,3c674e,2022-05-09 13:54:22.400999936+00:00,2022-05-09 15:03:59+00:00,LIPE,False,1000,81.28025349376269,False,2022-05-09 00:00:00+00:00,2022-05-09 13:54:11+00:00,EDDF
62,DLH6MM_270,2022-05-09 18:06:51+00:00,False,DLH6MM,1600.0,1975.0,48.36595955541578,11.80806210166529,139.0,2496.0,300.97695826664756,2022-05-09 18:00:00+00:00,3c6448,2022-05-09 18:06:50.901999872+00:00,2022-05-09 18:53:25+00:00,EDDM,False,1000,82.5685920288275,False,2022-05-09 00:00:00+00:00,2022-05-09 18:06:48+00:00,EDDF
63,DLH6PX_272,2022-05-09 17:47:41+00:00,True,DLH6PX,350.0,600.0,52.46232372219279,-1.75745936802457,152.0,1984.0,764.4904431839543,2022-05-09 17:00:00+00:00,3c666c,2022-05-09 17:47:19.742000128+00:00,2022-05-09 18:59:52+00:00,EGBB,False,3463,146.5186593448795,False,2022-05-09 00:00:00+00:00,2022-05-09 17:47:41+00:00,EDDF
64,DLH6VV_279,2022-05-09 06:35:03+00:00,False,DLH6VV,125.0,500.0,52.45408630371094,9.709701538085938,146.0,2880.0,281.8279949132422,2022-05-09 06:00:00+00:00,3c66a8,2022-05-09 06:35:03.980999936+00:00,2022-05-09 07:20:24+00:00,EDDV,False,1000,92.35329686610832,False,2022-05-09 00:00:00+00:00,2022-05-09 06:35:03+00:00,EDDF
65,DLH71A_282,2022-05-09 07:00:34+00:00,False,DLH71A,1725.0,2100.0,38.81597900390625,-9.116801386294128,187.0,1216.0,1866.1501816031516,2022-05-09 07:00:00+00:00,3c6678,2022-05-09 07:00:32.740000+00:00,2022-05-09 09:41:27+00:00,LPPT,False,520,23.68208772453845,False,2022-05-09 00:00:00+00:00,2022-05-09 07:00:19+00:00,EDDF
66,DLH71F_283,2022-05-09 12:43:57+00:00,False,DLH71F,10075.0,10750.0,43.54421997070312,-2.984704305959269,285.0,2432.0,1132.3177443068685,2022-05-09 12:00:00+00:00,3c675a,2022-05-09 12:43:56.739000064+00:00,2022-05-09 14:31:22+00:00,LEGV,False,4645,25.57574044111491,False,2022-05-09 00:00:00+00:00,2022-05-09 12:43:54+00:00,EDDF
67,DLH77P_296,2022-05-09 16:08:02+00:00,False,DLH77P,625.0,975.0,41.26235961914062,-8.68499755859375,168.0,3392.0,1648.2327215957291,2022-05-09 16:00:00+00:00,3c6484,2022-05-09 16:08:01.944999936+00:00,2022-05-09 18:23:48+00:00,LPPR,False,4707,348.3565685012383,False,2022-05-09 00:00:00+00:00,2022-05-09 16:08:00+00:00,EDDF
68,DLH7AF_298,2022-05-09 10:28:46+00:00,False,DLH7AF,1825.0,2250.0,48.36619231660487,11.81319387335526,139.0,2816.0,301.2549764454214,2022-05-09 10:00:00+00:00,3c644a,2022-05-09 10:28:45.734999808+00:00,2022-05-09 11:10:05+00:00,EDDM,False,1000,83.79655209830817,False,2022-05-09 00:00:00+00:00,2022-05-09 10:28:41+00:00,EDDF
69,DLH7AH_299,2022-05-09 15:49:44+00:00,True,DLH7AH,-150.0,350.0,52.35083111261917,13.48818969726563,147.0,1984.0,430.8405670611864,2022-05-09 15:00:00+00:00,3c6759,2022-05-09 15:48:58.572999936+00:00,2022-05-09 16:41:29+00:00,EDDB,False,1000,68.48759577765361,False,2022-05-09 00:00:00+00:00,2022-05-09 15:49:44+00:00,EDDF
70,DLH7CW_301,2022-05-09 16:42:00+00:00,False,DLH7CW,-50.0,325.0,45.5103521831965,12.35854730373476,175.0,2176.0,577.349688321251,2022-05-09 16:00:00+00:00,3c6483,2022-05-09 16:41:59.628999936+00:00,2022-05-09 17:44:56+00:00,LIPZ,False,222,41.98721249581666,False,2022-05-09 00:00:00+00:00,2022-05-09 16:42:00+00:00,EDDF
71,DLH7C_300,2022-05-09 09:24:18+00:00,True,DLH7C,1125.0,1575.0,47.45709694038003,8.563913198617788,120.0,0.0,285.60053643153344,2022-05-09 09:00:00+00:00,3c66ae,2022-05-09 09:24:16.904000+00:00,2022-05-09 10:11:56+00:00,LSZH,True,1000,276.7098368077569,True,2022-05-09 00:00:00+00:00,2022-05-09 09:24:18+00:00,EDDF
72,DLH7MF_306,2022-05-09 03:43:48+00:00,False,DLH7MF,0.0,400.0,60.31861903303761,24.91630554199219,155.0,2112.0,1537.2200874882044,2022-05-09 03:00:00+00:00,3c674e,2022-05-09 03:43:47.339000064+00:00,2022-05-09 05:59:27+00:00,EFHK,False,3705,227.3532968661083,False,2022-05-09 00:00:00+00:00,2022-05-09 03:43:48+00:00,EDDF
73,DLH7P_309,2022-05-09 04:08:15+00:00,False,DLH7P,1200.0,1500.0,50.10673393637447,14.24800563502956,158.0,2880.0,407.6100869106417,2022-05-09 04:00:00+00:00,3c6648,2022-05-09 04:08:14.858000128+00:00,2022-05-09 04:57:57+00:00,LKPR,False,1000,307.5242626144518,False,2022-05-09 00:00:00+00:00,2022-05-09 04:08:15+00:00,EDDF
74,DLH7WT_312,2022-05-09 04:38:36+00:00,False,DLH7WT,-100.0,450.0,55.59822211831302,12.61299133300781,160.0,2496.0,676.7299418560191,2022-05-09 04:00:00+00:00,3c6672,2022-05-09 04:38:35.178999808+00:00,2022-05-09 05:51:49+00:00,EKCH,False,5663,220.4462320208414,False,2022-05-09 00:00:00+00:00,2022-05-09 04:38:36+00:00,EDDF
75,DLH803_316,2022-05-09 11:53:10+00:00,True,DLH803,-225.0,200.0,59.66236049846067,17.9223474962958,79.0,0.0,1225.0674668440988,2022-05-09 11:00:00+00:00,3c64ae,2022-05-09 11:53:09.572999936+00:00,2022-05-09 13:36:23+00:00,ESSA,False,3510,189.4623222080256,False,2022-05-09 00:00:00+00:00,2022-05-09 11:53:10+00:00,EDDF
76,DLH819_319,2022-05-09 17:59:36+00:00,False,DLH819,750.0,1175.0,57.65224650754767,12.26995652721774,155.0,2880.0,881.7109962507776,2022-05-09 17:00:00+00:00,3c6677,2022-05-09 17:59:35.676000+00:00,2022-05-09 19:19:41+00:00,ESGG,False,3513,207.225492005736,False,2022-05-09 00:00:00+00:00,2022-05-09 17:59:36+00:00,EDDF
77,DLH877_323,2022-05-09 04:14:46+00:00,False,DLH877,150.0,650.0,60.28619384765625,5.22040005387931,143.0,2304.0,1158.9155982894574,2022-05-09 04:00:00+00:00,3c6447,2022-05-09 04:14:45.660999936+00:00,2022-05-09 05:58:42+00:00,ENBR,False,1000,171.1317371667924,False,2022-05-09 00:00:00+00:00,2022-05-09 04:14:46+00:00,EDDF
78,DLH885_326,2022-05-09 03:13:36+00:00,False,DLH885,-275.0,200.0,59.41328430175781,24.83843994140625,94.0,64.0,1470.0424296925307,2022-05-09 03:00:00+00:00,3c6544,2022-05-09 03:13:34.724000+00:00,2022-05-09 05:25:07+00:00,EETN,False,7670,269.3904934233248,False,2022-05-09 00:00:00+00:00,2022-05-09 03:13:36+00:00,EDDF
79,DLH889_328,2022-05-09 03:16:50+00:00,False,DLH889,1100.0,1575.0,54.64874267578125,25.29660311612216,151.0,3584.0,1244.6579368218527,2022-05-09 03:00:00+00:00,3c6758,2022-05-09 03:16:49.405999872+00:00,2022-05-09 05:10:44+00:00,EYVI,False,6502,23.84681797523904,False,2022-05-09 00:00:00+00:00,2022-05-09 03:16:50+00:00,EDDF
80,DLH893_330,2022-05-09 03:33:29+00:00,False,DLH893,150.0,700.0,56.93110579151218,23.97243376701109,148.0,3072.0,1272.3348562835195,2022-05-09 03:00:00+00:00,3c6759,2022-05-09 03:33:28.624000+00:00,2022-05-09 05:34:18+00:00,EVRA,False,4317,5.440332031005506,False,2022-05-09 00:00:00+00:00,2022-05-09 03:33:27+00:00,EDDF
81,DLH8A_331,2022-05-09 09:58:30+00:00,True,DLH8A,35350.0,150.0,52.31668504617982,4.747329711914062,91.0,64.0,366.4130089543908,2022-05-09 09:00:00+00:00,3c6676,2022-05-09 09:58:29.559000064+00:00,2022-05-09 10:42:16+00:00,EHAM,False,626,86.85504253530199,False,2022-05-09 00:00:00+00:00,2022-05-09 09:58:30+00:00,EDDF
82,DLH8CJ_335,2022-05-09 08:14:42+00:00,True,DLH8CJ,-350.0,175.0,53.62121840654793,9.969688864315255,92.0,64.0,411.3738619250612,2022-05-09 08:00:00+00:00,3c666a,2022-05-09 08:14:40.711000064+00:00,2022-05-09 09:07:59+00:00,EDDH,False,2534,50.27389595735176,False,2022-05-09 00:00:00+00:00,2022-05-09 08:14:42+00:00,EDDF
83,DLH8EM_337,2022-05-09 17:53:50+00:00,False,DLH8EM,300.0,675.0,55.74113748841366,9.17881965637207,153.0,2944.0,636.437950264523,2022-05-09 17:00:00+00:00,3c666e,2022-05-09 17:53:49.280999936+00:00,2022-05-09 19:00:08+00:00,EKBI,False,3537,87.00686799402094,False,2022-05-09 00:00:00+00:00,2022-05-09 17:53:49+00:00,EDDF
84,DLH8F_338,2022-05-09 07:28:03+00:00,False,DLH8F,125.0,625.0,49.02143096923828,2.528140728290264,152.0,1920.0,447.2403692984492,2022-05-09 07:00:00+00:00,3c675a,2022-05-09 07:27:28.568000+00:00,2022-05-09 08:25:27+00:00,LFPG,False,1000,85.07938396363602,False,2022-05-09 00:00:00+00:00,2022-05-09 07:28:03+00:00,EDDF
85,DLH8NC_345,2022-05-09 15:01:41+00:00,False,DLH8NC,1675.0,2100.0,48.36607360839844,11.81121826171875,143.0,2944.0,301.149958143404,2022-05-09 15:00:00+00:00,3c66a8,2022-05-09 15:01:40.910000128+00:00,2022-05-09 15:48:43+00:00,EDDM,False,1000,83.57125225117015,False,2022-05-09 00:00:00+00:00,2022-05-09 15:01:38+00:00,EDDF
86,DLH8U_351,2022-05-09 17:44:36+00:00,False,DLH8U,850.0,1175.0,51.47727836996822,-0.479583740234375,143.0,2816.0,653.379609001879,2022-05-09 17:00:00+00:00,3c6541,2022-05-09 17:44:35.924000+00:00,2022-05-09 18:47:27+00:00,EGLL,False,5257,267.9974668681731,False,2022-05-09 00:00:00+00:00,2022-05-09 17:44:33+00:00,EDDF
87,DLH937_358,2022-05-09 18:30:00+00:00,False,DLH937,-75.0,200.0,51.50534936937235,0.0528717041015625,132.0,2624.0,617.8848278126659,2022-05-09 18:00:00+00:00,3c5466,2022-05-09 18:29:59.068000+00:00,2022-05-09 19:33:13+00:00,EGLC,False,1000,273.0355691250555,False,2022-05-09 00:00:00+00:00,2022-05-09 18:30:00+00:00,EDDF
88,DLH943_359,2022-05-09 10:44:00+00:00,True,DLH943,125.0,500.0,53.35963439941406,-2.262771606445312,104.0,64.0,829.6366503539539,2022-05-09 10:00:00+00:00,3c6483,2022-05-09 10:43:51.912000+00:00,2022-05-09 12:00:47+00:00,EGCC,False,2023,231.2540327439165,False,2022-05-09 00:00:00+00:00,2022-05-09 10:44:00+00:00,EDDF
89,DLH947_360,2022-05-09 17:34:35+00:00,False,DLH947,225.0,525.0,53.3464903750662,-2.280632467830882,82.0,0.0,830.1851098394017,2022-05-09 17:00:00+00:00,3c6674,2022-05-09 17:34:12.544000+00:00,2022-05-09 18:50:38+00:00,EGCC,False,503,230.9061411137705,False,2022-05-09 00:00:00+00:00,2022-05-09 17:34:35+00:00,EDDF
90,DLH99P_369,2022-05-09 18:12:24+00:00,False,DLH99P,14075.0,14825.0,39.759521484375,-0.0503938094429372,399.0,2432.0,1324.085500291445,2022-05-09 18:00:00+00:00,3c674f,2022-05-09 18:12:22.861999872+00:00,2022-05-09 20:13:24+00:00,ES-0167,False,1141,25.34617594194669,False,2022-05-09 00:00:00+00:00,2022-05-09 18:11:46+00:00,EDDF
91,DLH9C_370,2022-05-09 12:55:01+00:00,True,DLH9C,1150.0,1575.0,47.45709228515625,8.563739776611328,122.0,-64.0,285.60095511522775,2022-05-09 12:00:00+00:00,3c66a6,2022-05-09 12:54:57.359000064+00:00,2022-05-09 13:44:51+00:00,LSZH,False,1000,275.6637062580206,False,2022-05-09 00:00:00+00:00,2022-05-09 12:55:01+00:00,EDDF
92,DLH9H_374,2022-05-09 05:46:39+00:00,False,DLH9H,200.0,450.0,51.4649420269465,-0.4496002197265625,140.0,2560.0,651.085409456976,2022-05-09 05:00:00+00:00,3c6543,2022-05-09 05:46:32.523000064+00:00,2022-05-09 06:51:12+00:00,EGLL,False,3445,88.77242116786546,False,2022-05-09 00:00:00+00:00,2022-05-09 05:46:39+00:00,EDDF
93,DLH9KV_379,2022-05-09 12:35:54+00:00,False,DLH9KV,1400.0,1575.0,55.85820007324219,-4.458118785511374,132.0,3328.0,1081.9505348477057,2022-05-09 12:00:00+00:00,3c6542,2022-05-09 12:35:53.160999936+00:00,2022-05-09 14:15:29+00:00,EGPF,False,5217,225.0,False,2022-05-09 00:00:00+00:00,2022-05-09 12:35:44+00:00,EDDF
94,DLH9PL_382,2022-05-09 17:00:32+00:00,False,DLH9PL,150.0,575.0,51.43161062466896,12.22358703613281,104.0,64.0,302.81648116006835,2022-05-09 17:00:00+00:00,3c66a7,2022-05-09 17:00:29.977999872+00:00,2022-05-09 17:41:39+00:00,EDDP,False,1000,85.60129464500447,False,2022-05-09 00:00:00+00:00,2022-05-09 17:00:32+00:00,EDDF
95,DLH9TX_383,2022-05-09 10:01:23+00:00,False,DLH9TX,-125.0,375.0,50.90437316894531,4.474553288640203,164.0,1856.0,303.16680107870695,2022-05-09 10:00:00+00:00,3c66ac,2022-05-09 10:01:22.434000128+00:00,2022-05-09 10:38:29+00:00,EBBR,False,1000,245.4691896324822,False,2022-05-09 00:00:00+00:00,2022-05-09 10:01:19+00:00,EDDF
96,DLH9U_384,2022-05-09 08:58:42+00:00,False,DLH9U,575.0,1025.0,51.46503513142214,-0.443878173828125,144.0,2304.0,650.6980683466062,2022-05-09 08:00:00+00:00,3c65c5,2022-05-09 08:58:41.664999936+00:00,2022-05-09 10:02:24+00:00,EGLL,False,2276,88.80651057601797,False,2022-05-09 00:00:00+00:00,2022-05-09 08:58:38+00:00,EDDF
97,DLH9V_386,2022-05-09 17:23:44+00:00,True,DLH9V,350.0,750.0,48.11286667645987,16.56398479755108,103.0,0.0,621.744432705053,2022-05-09 17:00:00+00:00,3c64ae,2022-05-09 17:23:43.543000064+00:00,2022-05-09 18:32:29+00:00,LOWW,False,1000,295.8209919741893,False,2022-05-09 00:00:00+00:00,2022-05-09 17:23:44+00:00,EDDF
98,DLH9Y_388,2022-05-09 16:45:01+00:00,False,DLH9Y,-50.0,225.0,50.90629577636719,4.481159931904561,144.0,1408.0,302.7878132300995,2022-05-09 16:00:00+00:00,3c6588,2022-05-09 16:45:00.208000+00:00,2022-05-09 17:23:21+00:00,EBBR,False,1000,245.3914971954855,False,2022-05-09 00:00:00+00:00,2022-05-09 16:45:01+00:00,EDDF
